"","Parameter","Estimate","se","n_eff","Rhat","CI","p"
"1","Intercept",-0.407709676785574,0.0116081933313078,1732.59843181777,1.0010895080127,"[-1.42, 0.56]",""
"2","freqacute",0.33945819167734,0.0140552889487939,2042.60025463919,0.999925385614787,"[-0.81, 1.78]",""
"3","diseaseSTRESS",-0.776905635814124,0.0225931879913453,1671.71653265974,1.00242032475873,"[-2.90, 0.54]",""
"4","speciesmouse",-0.0828333025146691,0.00987431955165879,2277.70297034022,0.999739803622505,"[-1.15, 0.88]",""
"5","testPA",0.520342709445147,0.0189359065852423,1640.78211298582,1.00171719745384,"[-0.66, 2.27]",""
"6","tau2",1.35914207173761,0.033342454674195,1676.01440417133,1.00311220660068,"[0.05, 4.82]","*"
