"","Parameter","Estimate","se","n_eff","Rhat","CI","p"
"1","Intercept",-1.06521076442762,0.0265411103632636,1128.37574163332,1.00284462662996,"[-2.95, 0.49]",""
"2","freqacute",0.340295992120063,0.0167579689240093,1528.59367474726,1.00413679715978,"[-0.77, 1.79]",""
"3","diseasenone",0.641117431558601,0.0254257339540546,1088.32316775941,1.00592123590007,"[-0.61, 2.59]",""
"4","speciesmouse",-0.0693559161805842,0.00983722207409616,2253.7980058489,1.00227831181886,"[-1.10, 0.91]",""
"5","testPA",0.510681595083086,0.0186861870644606,1636.95759847403,1.00166165564917,"[-0.73, 2.22]",""
"6","tau2",1.38197758222675,0.0407745637906657,1139.8232176692,1.00275707002541,"[0.07, 4.81]","*"
