"","Parameter","Estimate","se","n_eff","Rhat","CI","p"
"1","ssriESC.specieshuman",-0.186856366094133,0.0094324061438546,2264.38787789631,1.00266791761728,"[-1.33, 0.60]",""
"2","ssriFLX",0.0923262774072455,0.0064110707437077,2696.22705268617,1.00141837735757,"[-0.55, 0.92]",""
"3","ssriPAR.freqsub",-0.0777315901210228,0.00919596596525452,2179.89740003767,1.00013050583355,"[-1.09, 0.81]",""
"4","freqchronic",-0.0546467378911901,0.00707163642957515,2399.13067697495,1.0019669417986,"[-0.85, 0.65]",""
"5","speciesmouse",0.0935288865586759,0.00787332488687278,2401.4458573943,1.00156596524486,"[-0.66, 1.04]",""
"6","speciesrat",-0.0265902238303405,0.00577286075227872,3440.80130771613,0.999860998646186,"[-0.81, 0.71]",""
"7","tau2",0.599479730231963,0.0213535242568149,1559.92652779953,0.999895735999151,"[0.00, 2.87]","*"
