"","Parameter","Estimate","se","n_eff","Rhat","CI","p"
"1","diseaseind.STRESS",0.29745222666632,0.0110915829499579,2516.81407135799,1.0006883368899,"[-0.56, 1.70]",""
"2","diseaseind.none",-0.106834683321201,0.00792009692289167,1820.81730996729,1.00013269400822,"[-0.92, 0.54]",""
"3","speciesmouse",0.0383461888368854,0.00888818342502784,1655.07761917924,1.00001728623257,"[-0.71, 0.88]",""
"4","speciesrat",0.0244762842446166,0.00742972305050581,2444.71218288397,1.00210062121092,"[-0.77, 0.88]",""
"5","tau2",0.758170436658893,0.0270360631240473,946.35941951144,1.00698936307878,"[0.02, 2.76]","*"
