"","Parameter","Estimate","se","n_eff","Rhat","CI","p"
"1","diseaseind.STRESS",0.308915198188853,0.0116793730149391,2460.84502041832,1.00057233921954,"[-0.54, 1.77]",""
"2","diseaseind.none",-0.10659543074026,0.00679907157149985,2244.5445724219,0.999766439268143,"[-0.90, 0.48]",""
"3","speciesmouse",0.026798386119874,0.00730102156147373,2153.54043050905,1.00073189904013,"[-0.73, 0.79]",""
"4","speciesrat",0.0258800671014686,0.00730444365616409,2521.51773827017,1.00043898489535,"[-0.80, 0.82]",""
"5","tau2",0.752095233152094,0.019512692259642,1575.12879562022,1.00327828951192,"[0.03, 2.91]","*"
