"","Parameter","Estimate","se","n_eff","Rhat","CI","p"
"1","Intercept",0.39624353257338,0.01963325637011,1457.17780875083,1.00304357067798,"[-1.09, 1.89]",""
"2","freqMvschronic",0.281240115485882,0.0108674273434687,1458.82001563963,1.00304177102659,"[-0.47, 1.17]",""
"3","diseaseMvsind.none",-0.641407309683325,0.0147010164706934,1427.90314707517,1.00193978168462,"[-1.74, 0.27]",""
"4","speciesMvsrat",-0.0314933847477255,0.00667566644214277,1826.15437613839,1.00061538977514,"[-0.66, 0.57]",""
"5","testMvsCF",0.427994073387064,0.0118422144175925,1601.06801340197,1.00039522719903,"[-0.34, 1.42]",""
"6","tau2",1.12710347034753,0.0328522317485199,1459.7754539786,1.00261345174193,"[0.03, 4.48]","*"
