"","Parameter","Estimate","se","n_eff","Rhat","CI","p"
"1","Intercept",-0.906772195258862,0.025974379219117,1194.33646463694,1.00278200355617,"[-2.88, 0.73]",""
"2","freqacute",0.287977302329407,0.0161505151179456,1739.17738324198,1.00225341578799,"[-0.90, 1.85]",""
"3","diseasenone",0.559591697805908,0.02447656623451,1175.09087452292,1.00126733458926,"[-0.75, 2.54]",""
"4","speciesmouse",-0.0932965117419906,0.0108342379645671,2404.20104481865,1.00002894442704,"[-1.26, 1.00]",""
"5","testPA",0.446687666382544,0.018331041544461,1755.78037917735,1.00208674787327,"[-0.76, 2.18]",""
"6","tau2",1.71630874895396,0.0441437358228812,1494.85631523022,1.00245227398924,"[0.14, 6.41]","*"
