"","Parameter","Estimate","se","n_eff","Rhat","CI","p"
"1","Intercept",0.00122535395748133,0.010290859925974,1378.47662360646,1.00000810052134,"[-0.82, 0.75]",""
"2","ssriESC.specieshuman",-0.29290024448728,0.0110722669882632,2256.01502457069,1.00025302674405,"[-1.49, 0.64]",""
"3","ssriPAR.freqsub",-0.113694216307723,0.0100052238778258,2625.27355221083,1.00100870925137,"[-1.30, 0.96]",""
"4","freqacute",0.0607714208847223,0.00870920198483922,3337.69573921836,1.00014872278193,"[-0.96, 1.25]",""
"5","speciesrat",-0.0508097959531291,0.00932422410394768,2589.78937429512,0.999463724792438,"[-1.16, 0.97]",""
"6","tau2",0.724194413249511,0.0288442856119571,1244.81945326654,1.00268240354741,"[0.01, 3.48]","*"
