"","Parameter","Estimate","se","n_eff","Rhat","CI","p"
"1","Intercept",-0.00278069482274423,0.0110262813040752,1238.61660204623,1.00202177187485,"[-0.76, 0.79]",""
"2","ssriESC.specieshuman",0.26583502649863,0.0112922949064287,2118.73591253681,1.00115003557025,"[-0.64, 1.42]",""
"3","ssriPAR.freqsub",0.116613255917677,0.00930857875953794,3194.61689261729,0.999795716761918,"[-0.88, 1.36]",""
"4","freqacute",-0.0456299602689882,0.00898646664069508,3064.62390445641,0.999204940058772,"[-1.18, 1.00]",""
"5","speciesrat",0.0535205854043281,0.00903810920097409,2773.93424153742,0.999866187979849,"[-0.92, 1.13]",""
"6","tau2",0.71690709798834,0.0272400688253167,1300.60846387437,1.0016680547481,"[0.01, 3.25]","*"
