"","Parameter","Estimate","se","n_eff","Rhat","CI","p"
"1","Intercept",-0.000635198808748899,0.00887209834833143,1776.79161012282,1.00124834953972,"[-0.74, 0.77]",""
"2","ssriESC.specieshuman",0.270427460600681,0.0102614706363532,2667.52315826486,1.00039092367793,"[-0.64, 1.54]",""
"3","ssriPAR.freqsub",0.114426936872878,0.00835151746644029,3467.57609041481,1.00021680231858,"[-0.82, 1.28]",""
"4","freqacute",-0.0397811032102595,0.00834734017553851,3600.66206538973,1.00009186856242,"[-1.19, 1.01]",""
"5","speciesrat",0.0398884459407409,0.00828565886597054,3089.45644088119,1.00031102408936,"[-0.91, 1.04]",""
"6","tau2",0.682438172964643,0.0205447375587349,1761.98541232151,1.00021959464288,"[0.00, 3.06]","*"
