"","Parameter","Estimate","se","n_eff","Rhat","CI","p"
"1","Intercept",0.122804700526738,0.0100155758479419,2094.58756152782,1.00558433943175,"[-0.76, 1.06]",""
"2","ssriESC.specieshuman",0.224980965437953,0.00903039266447274,3062.75927277471,1.00118547960196,"[-0.64, 1.39]",""
"3","ssriPAR.freqsub",0.091379555902402,0.00813568846118881,3396.94343056874,1.00052444741522,"[-0.87, 1.21]",""
"4","freqacute",-0.0765882385652946,0.00844412952165667,3101.87930548293,1.00116259129859,"[-1.15, 0.88]",""
"5","speciesmouse",-0.169501090975134,0.00887768959992413,2326.14661936638,1.00277591262062,"[-1.18, 0.64]",""
"6","tau2",0.693572645950162,0.0287031618802694,1248.08039940809,1.00073437412122,"[0.01, 3.17]","*"
