"","Parameter","Estimate","se","n_eff","Rhat","CI","p"
"1","Intercept",-0.167105178523453,0.0119111281922304,1481.1465024851,1.000482250785,"[-1.04, 0.78]",""
"2","ssriMvsFLX",0.154944750956047,0.00942544230598821,1779.30696327446,1.00079861559923,"[-0.61, 1.07]",""
"3","freqMvschronic",-0.012547563255139,0.00711648355855568,2257.04036128231,1.0016702514767,"[-0.79, 0.72]",""
"4","speciesMvsrat",0.0103268333800855,0.0070396017263888,2728.87004587138,1.00064946405214,"[-0.83, 0.79]",""
"5","speciesMvsmouse",0.134574427993427,0.00875313518448722,2069.62266826923,1.00119887975331,"[-0.60, 1.06]",""
"6","tau2",0.722808969207885,0.0278528689669054,1558.25207497536,1.00342725906842,"[0.01, 3.32]","*"
