"","Parameter","Estimate","se","n_eff","Rhat","CI","p"
"1","Intercept",0.410330206674966,0.0119485177185411,1581.36020682511,0.999889423519998,"[-0.56, 1.34]",""
"2","freqacute",-0.352029149615242,0.0143028153604237,1951.69551146991,1.00052918279947,"[-1.75, 0.78]",""
"3","diseaseind.STRESS",0.7887028424951,0.0219921413389248,1677.6512054449,1.00154492570564,"[-0.50, 2.81]",""
"4","speciesmouse",0.058837961653582,0.00974018601625121,2217.69317084587,1.00033975998773,"[-0.87, 1.07]",""
"5","testPMDAT",-0.51820211652957,0.0156822557507091,2315.77885066527,1.00026889897755,"[-2.20, 0.73]",""
"6","tau2",1.27388942058813,0.0330283850115121,1325.8267358099,1.00071023982217,"[0.09, 4.56]","*"
