"","Parameter","Estimate","se","n_eff","Rhat","CI","p"
"1","Intercept",0.143914812264913,0.010929169649215,1756.03487891106,1.00024265690115,"[-0.77, 1.10]",""
"2","ssriESC.specieshuman",0.217780568905896,0.0107183467075676,2379.3116341235,0.999989282230652,"[-0.73, 1.41]",""
"3","ssriPAR.freqsub",0.0744896320702318,0.00895117868758647,2803.50164324451,1.00000934407573,"[-0.91, 1.16]",""
"4","freqacute",-0.0764718323466922,0.01006171309437,2311.17035225881,1.00251869658527,"[-1.19, 0.89]",""
"5","speciesmouse",-0.198671017823502,0.00993682646098389,1978.74915668558,1.00027295847832,"[-1.21, 0.56]",""
"6","tau2",0.689861324334728,0.0233914446413947,1667.44233729484,1.00110920405031,"[0.00, 3.20]","*"
