"","Parameter","Estimate","se","n_eff","Rhat","CI","p"
"1","Intercept",0.118909172254841,0.010755528536184,1855.15479022931,1.00009937701007,"[-0.79, 1.04]",""
"2","ssriESC.specieshuman",0.230926140700836,0.0102349298989404,2468.94975824953,1.00157272444016,"[-0.70, 1.42]",""
"3","ssriPAR.freqsub",0.0763435460857615,0.00946308739172384,2585.18421234011,1.00131330713211,"[-0.89, 1.15]",""
"4","freqacute",-0.078290685920865,0.00893459337962611,3050.74203215372,1.00108878907439,"[-1.20, 1.00]",""
"5","speciesmouse",-0.19157130795444,0.00955056493396176,2000.34646900879,1.00151276516208,"[-1.19, 0.59]",""
"6","tau2",0.699491508021895,0.027576429686401,1374.94890164609,1.00247412587799,"[0.00, 3.32]","*"
