"","Parameter","Estimate","se","n_eff","Rhat","CI","p"
"1","Intercept",0.730174320981263,0.00989240070684702,1482.96132341319,1.00303859883994,"[-0.02, 1.51]",""
"2","diseaseind.STRESS",0.420461290095326,0.014229567216519,2281.87199584096,1.00043518463694,"[-0.63, 2.03]",""
"3","speciesrat",0.014978396464508,0.0089052771621555,2195.83583512887,1.00039029562073,"[-0.89, 0.94]",""
"4","tau2",0.851430216856143,0.0357922228773734,862.287807757911,1.00355266007204,"[0.03, 2.95]","*"
