"","Parameter","Estimate","se","n_eff","Rhat","CI","p"
"1","Intercept",-0.725040097406639,0.00998181662238016,1450.30328806941,1.00340593994779,"[-1.52, -0.02]","*"
"2","diseaseSTRESS",-0.432502971976448,0.0162553599132015,1776.88783754048,1.00096729548467,"[-2.03, 0.68]",""
"3","speciesrat",-0.00797897054845848,0.00978334974461559,1835.08465551948,1.00023516561757,"[-0.88, 0.89]",""
"4","tau2",0.797613067865213,0.0219554233783509,1333.31494557359,1.00154950215304,"[0.02, 3.01]","*"
