"","Parameter","Estimate","se","n_eff","Rhat","CI","p"
"1","Intercept",-1.09695178757384,0.0319243526472971,438.710706560909,1.01414989587093,"[-2.52, 0.11]",""
"2","diseasenone",0.370027292877255,0.0312631835704899,403.111614715985,1.0122924709776,"[-0.65, 1.93]",""
"3","speciesmouse",-0.00645578163770092,0.0117138323008555,1329.68870383191,1.00581886509598,"[-0.95, 0.92]",""
"4","tau2",0.825870880554815,0.0263956351477716,996.307345127999,1.00597631033616,"[0.03, 3.11]","*"
