"","Parameter","Estimate","se","n_eff","Rhat","CI","p"
"1","Intercept",-1.05405667802874,0.0170362784397598,1401.45302443045,0.999903371022148,"[-2.41, 0.18]",""
"2","diseasenone",0.336359240901353,0.0163946160032282,1302.98298136343,1.00082262121212,"[-0.65, 1.76]",""
"3","speciesmouse",-0.0255779293961754,0.00889538791941908,2290.09418560775,0.999743788474423,"[-0.98, 0.87]",""
"4","tau2",0.835425103695679,0.0250605918635573,1181.92687908272,1.00459954623861,"[0.03, 3.09]","*"
