"","Parameter","Estimate","se","n_eff","Rhat","CI","p"
"1","freqchronic",0.243196478058755,0.0121972845005285,1590.38209568653,1.00318823555233,"[-0.60, 1.40]",""
"2","diseaseind.STRESS",0.471060504948299,0.0164215948491288,2022.43161202669,1.00029197139969,"[-0.66, 2.24]",""
"3","diseaseind.none",-0.412453439448778,0.0153645633735351,1574.63748067855,1.00192358850882,"[-1.92, 0.45]",""
"4","speciesmouse",0.0258635824467514,0.00945509821290087,2644.62938949081,0.999846802149636,"[-1.06, 1.05]",""
"5","speciesrat",-0.0629733141177484,0.00849439857456839,2698.92627476074,1.0008376675998,"[-1.09, 0.82]",""
"6","testCF",0.213305162629107,0.0101081527112152,2389.94972621074,1.00193031960526,"[-0.67, 1.42]",""
"7","testPMDAT",-0.332374820806875,0.0140146797598253,2304.82839331867,1.00119609541642,"[-1.97, 0.81]",""
"8","tau2",1.26326300697985,0.028806927937587,1532.9413798699,1.00123778023046,"[0.09, 4.39]","*"
