"","Parameter","Estimate","se","n_eff","Rhat","CI","p"
"1","Intercept",0.140722781305859,0.0100134485918875,1958.30728561407,1.0009150701916,"[-0.72, 1.03]",""
"2","ssriESC.specieshuman",0.215705562639563,0.00998799479700445,2587.6722933294,1.00027117125631,"[-0.68, 1.40]",""
"3","ssriPAR.freqsub",0.0722765503892284,0.00863252220668239,3082.15106960488,1.00128570547572,"[-0.91, 1.15]",""
"4","freqacute",-0.0884639277487984,0.00925618022473502,2780.91346328667,1.00083142028069,"[-1.21, 0.92]",""
"5","speciesmouse",-0.198202720676175,0.0100537989871365,1890.51065780365,1.00037300748356,"[-1.24, 0.56]",""
"6","tau2",0.641659381356179,0.0200612412060665,1773.83657122061,1.0016763309341,"[0.00, 2.97]","*"
