"","Parameter","Estimate","se","n_eff","Rhat","CI","p"
"1","ssriESC.specieshuman",-0.186489212254777,0.00931403143001519,2312.0259551274,1.00188115410666,"[-1.21, 0.58]",""
"2","ssriFLX",0.107816129461408,0.00680121734557013,2566.25373208396,1.00003466447016,"[-0.52, 0.94]",""
"3","ssriPAR.freqsub",-0.0713650394475762,0.00776395106609401,2905.05586730318,0.99968882676965,"[-1.06, 0.76]",""
"4","freqchronic",-0.0531466612772524,0.00653600217963407,2701.17019373924,0.999399677227226,"[-0.85, 0.58]",""
"5","speciesmouse",0.0884979197265856,0.00656217572913413,3013.79708456348,0.999749610093587,"[-0.60, 0.97]",""
"6","speciesrat",-0.0267823075265278,0.00584815354975362,3425.81023138659,1.00148399764564,"[-0.80, 0.72]",""
"7","tau2",0.551992362243726,0.019174269841483,1749.18145053383,1.00200970505335,"[0.00, 2.52]","*"
