"","Parameter","Estimate","se","n_eff","Rhat","CI","p"
"1","Intercept",1.01660570274034,0.0117232580432935,1618.87382990463,1.00100093947247,"[0.10, 1.96]","*"
"2","diseaseMvsind.none",-0.31281865633057,0.0108417865760101,1588.84615093463,1.00273008097436,"[-1.27, 0.39]",""
"3","speciesMvsmouse",0.0299412058828296,0.00512124758650075,2622.92403387515,1.0004197069578,"[-0.50, 0.60]",""
"4","tau2",0.831882494401876,0.0229153921654507,1338.63282106469,1.00279053043381,"[0.03, 3.07]","*"
