"","Parameter","Estimate","se","n_eff","Rhat","CI","p"
"1","Intercept",-0.738900786517026,0.0105620778057844,1296.19405857653,1.0004114823511,"[-1.51, -0.00]","*"
"2","diseaseSTRESS",-0.434520245680698,0.0150718349341368,1998.87787713148,1.0006780751102,"[-2.02, 0.60]",""
"3","speciesrat",0.00464112353048215,0.00961616869265428,1949.83190442554,0.999450216110337,"[-0.92, 0.95]",""
"4","tau2",0.813104191897976,0.0251278697345833,1165.74321985621,1.00564196623275,"[0.03, 3.16]","*"
