"","Parameter","Estimate","se","n_eff","Rhat","CI","p"
"1","Intercept",-0.414551512637557,0.0127370090253467,1401.89782421128,1.00440199776531,"[-1.40, 0.53]",""
"2","freqacute",0.345528249529171,0.0155148485494107,1782.63716452125,1.0003265831693,"[-0.79, 1.82]",""
"3","diseaseSTRESS",-0.790784423673496,0.0211054230051946,1891.06767226868,1.00335926641235,"[-2.83, 0.61]",""
"4","speciesmouse",-0.0629160932832143,0.00994604069881444,2321.86770756728,1.00170000434184,"[-1.08, 0.99]",""
"5","testPA",0.505045417130958,0.0180596358526085,1763.85161546938,1.00160541692475,"[-0.72, 2.30]",""
"6","tau2",1.38042546575945,0.051660302475757,898.191427087984,1.00793037182088,"[0.07, 5.00]","*"
