"","Parameter","Estimate","se","n_eff","Rhat","CI","p"
"1","Intercept",-1.07555115195351,0.0169985684846641,1436.92865793829,1.00404019798449,"[-2.38, 0.14]",""
"2","diseasenone",0.346141222309551,0.0171151996895361,1386.03101459136,1.00578656406999,"[-0.71, 1.82]",""
"3","speciesmouse",-0.00865948690220105,0.00795766724179059,2703.82970324295,1.00345488996834,"[-0.96, 0.88]",""
"4","tau2",0.802754128704977,0.0244627955404461,1353.13030599023,1.00207620752724,"[0.02, 2.88]","*"
