"","Parameter","Estimate","se","n_eff","Rhat","CI","p"
"1","Intercept",-1.07990556723697,0.015855771140787,1765.13789283519,1.00040828146843,"[-2.45, 0.20]",""
"2","diseasenone",0.238099343524932,0.0134144659821647,1983.84867733741,1.00005706237681,"[-0.81, 1.63]",""
"3","speciesmouse",0.0488375786508133,0.00910545183712767,2718.64120758014,0.99965842066985,"[-0.95, 1.10]",""
"4","tau2",1.04239626793869,0.029460881324681,1439.90409688016,1.00112080058518,"[0.05, 3.88]","*"
