"","Parameter","Estimate","se","n_eff","Rhat","CI","p"
"1","freqchronic",0.243684782134236,0.0132472935053667,1466.85395952681,1.00170618133996,"[-0.60, 1.44]",""
"2","diseaseind.STRESS",0.461716443336981,0.0183062687119257,1715.90692054825,1.00021116778198,"[-0.73, 2.30]",""
"3","diseaseind.none",-0.428934932148482,0.0196376991891678,1070.86093020557,1.0033215558631,"[-2.04, 0.51]",""
"4","speciesmouse",0.0273180735380441,0.00904411042620071,2977.54338755444,1.00000622660667,"[-1.04, 1.10]",""
"5","speciesrat",-0.0625984975771332,0.0118741180165,1530.48576672952,1.00167703717686,"[-1.13, 0.91]",""
"6","testCF",0.206340878565851,0.0117726348219668,1861.10988597613,0.999759058600284,"[-0.66, 1.42]",""
"7","testPMDAT",-0.319266617252396,0.0128915094283216,2523.79803782804,0.999687502236626,"[-1.83, 0.75]",""
"8","tau2",1.320331099539,0.0349526430405659,1290.38572877648,1.00211138663441,"[0.09, 4.58]","*"
