"","Parameter","Estimate","se","p","CI","VIF"
"1","intrcpt",-0.443795066046556,0.90477318642845,0.623777144406921,"[-2.22, 1.33]",NA
"2","ssriESC;freqchronic14x;specieshuman",-0.338846519918987,1.22257488765359,0.781658719305346,"[-2.74, 2.06]",1.8557162691608
"3","ssriFLX",0.556468836049617,1.26385022972666,0.659722373411473,"[-1.92, 3.03]",3.04868861038084
"4","freqchronic16x",0.654463682578255,1.10000323293428,0.551866709291405,"[-1.50, 2.81]",2.09909175825139
"5","freqchronic24x",-1.00482399070021,1.24133184867,0.418243416626679,"[-3.44, 1.43]",1.73361301650356
"6","freqchronic25x",0.190698564833682,1.1859261923631,0.872249840608058,"[-2.13, 2.52]",1.85291765575511
"7","Tau2",0.562459704484663,1.24088335370957,0.0951082441935122,"[-1.87, 2.99]",NA
