"","Parameter","Estimate","se","p","CI","VIF"
"1","ssriESC;specieshuman",-0.811127583893008,1.27459125428113,0.524527136626874,"[-3.31, 1.69]",2.43753111711763
"2","ssriFLX",0.179797352073829,0.876992060082391,0.837559670771695,"[-1.54, 1.90]",5.06980609890575
"3","ssriPAR;freqsub",-0.376671483975789,0.899459119708728,0.675380178187349,"[-2.14, 1.39]",1
"4","freqchronic",0.095609579998232,0.978823701848973,0.922187954268001,"[-1.82, 2.01]",6.50733721602339
"5","Tau2",0.552871893631973,0.617083536407021,0.0173889279018911,"[-0.66, 1.76]",NA
