"","Parameter","Estimate","se","p","CI","VIF"
"1","intrcpt",-0.589112676992519,0.99066587764754,0.552068533385765,"[-2.53, 1.35]",NA
"2","freqchronic14x",1.1009039242647,1.40233447766963,0.432423734095284,"[-1.65, 3.85]",1.73445891615356
"3","freqchronic19x;testPMDAT",-0.596414047390437,1.48358562868977,0.68767776367823,"[-3.50, 2.31]",1.61353893703159
"4","freqchronic23x;speciesmouse",1.13876505162029,1.13350019769727,0.315067928730399,"[-1.08, 3.36]",2.43160734588997
"5","freqchronic31x",1.14789860564152,1.46219043574306,0.43242184616893,"[-1.72, 4.01]",1.64207448431194
"6","freqchronic33x;diseaseMS",3.46056362925103,1.53569582664229,0.0242328462170879,"[0.45, 6.47]",1.55206006118222
"7","Tau2",0.925686386075079,0.99091233759616,0.00556509196033638,"[-1.02, 2.87]",NA
