"","Parameter","Estimate","se","p","CI","VIF"
"1","diseaseind.STRESS",1.27881580146598,0.917344177444515,0.163305090033366,"[-0.52, 3.08]",1
"2","diseaseind.none",-0.412248523444015,0.602037996489471,0.493498541065157,"[-1.59, 0.77]",3.69440198665107
"3","speciesmouse",0.352394748025199,0.704960496490593,0.61716047961488,"[-1.03, 1.73]",3.69440198665107
"4","Tau2",0.498241680344591,0.455129144792298,0.0119989081178247,"[-0.39, 1.39]",NA
