"","Parameter","Estimate","se","p","CI","VIF"
"1","freqchronic",1.12161897627371,0.995746287106732,0.259991845579607,"[-0.83, 3.07]",9.4524044874993
"2","diseaseind.STRESS",-0.409657115214919,1.99127485430498,0.837004906880944,"[-4.31, 3.49]",3.8492981876306
"3","diseaseind.none",-2.74860176819224,1.36538595880873,0.0441084786505593,"[-5.42, -0.07]",18.9008162052151
"4","speciesmouse",0.015985353303871,0.757370594566171,0.983160793699126,"[-1.47, 1.50]",2.64727934604375
"5","testCF",1.71803302366415,1.10891804190901,0.121312588003461,"[-0.46, 3.89]",12.2519888401363
"6","Tau2",0.578847097780638,0.582157514207785,0.0133135165583741,"[-0.56, 1.72]",NA
