"","Parameter","Estimate","se","p","CI","VIF"
"1","intrcpt",-2.87145095225851,1.01494014726826,0.00466670718441119,"[-4.86, -0.88]",NA
"2","freqacute",1.12161897627371,0.995746287106732,0.259991845579607,"[-0.83, 3.07]",1.34083115045678
"3","diseasenone",2.33894465297732,1.17772432172518,0.0470348182862435,"[0.03, 4.65]",1.22883624706358
"4","speciesmouse",-0.01598535330387,0.757370594566171,0.983160793699128,"[-1.50, 1.47]",1.54751266245035
"5","testPA",1.71803302366415,1.10891804190901,0.12131258800346,"[-0.46, 3.89]",1.2636465015435
"6","Tau2",0.578847097780638,0.582157514207786,0.0133135165583741,"[-0.56, 1.72]",NA
