"","Parameter","Estimate","se","p","CI","VIF"
"1","intrcpt",0.347113724676513,1.06305939656463,0.744028419201664,"[-1.74, 2.43]",NA
"2","freqchronic16x",-0.477924332245696,1.47249447382595,0.745508180011212,"[-3.36, 2.41]",1.81982283633322
"3","freqchronic22x",1.02424944788198,1.59017398400811,0.519503093745616,"[-2.09, 4.14]",1.63534653666578
"4","freqchronic23x",0.590420668262565,1.19954676666569,0.622575754858051,"[-1.76, 2.94]",2.64391157006526
"5","freqchronic29x",0.0989726423213509,1.50411809999079,0.947536171563895,"[-2.85, 3.05]",1.76234403860514
"6","diseaseMS",1.74047621199291,1.54204413406702,0.259032346004753,"[-1.28, 4.76]",1.70165461633838
"7","Tau2",0.904526171239395,1.00846334601721,0.0127816205636044,"[-1.07, 2.88]",NA
