"","Parameter","Estimate","se","p","CI","VIF"
"1","intrcpt",0.290145302452856,1.02247917918346,0.776589355396283,"[-1.71, 2.29]",NA
"2","freqMvschronic",0.560809488136857,0.497873143553366,0.259991845579606,"[-0.42, 1.54]",1.34083115045677
"3","diseaseMvsind.none",-1.16947232648866,0.58886216086259,0.0470348182862432,"[-2.32, -0.02]",1.22883624706358
"4","speciesMvsrat",-0.00799267665193563,0.378685297283085,0.983160793699126,"[-0.75, 0.73]",1.54751266245035
"5","testMvsCF",0.859016511832075,0.554459020954506,0.121312588003461,"[-0.23, 1.95]",1.2636465015435
"6","Tau2",0.578847097780637,0.582157514207785,0.0133135165583742,"[-0.56, 1.72]",NA
