"","Parameter","Estimate","se","p","CI","VIF"
"1","intrcpt",1.41825514822703,0.493973656252679,0.00409026759594991,"[0.45, 2.39]",NA
"2","diseaseMvsind.none",-0.845532162454996,0.548627854084262,0.123273921100262,"[-1.92, 0.23]",1.28132609487564
"3","speciesMvsmouse",0.176197374012599,0.352480248245296,0.61716047961488,"[-0.51, 0.87]",1.28132609487564
"4","Tau2",0.498241680344591,0.455129144792298,0.0119989081178248,"[-0.39, 1.39]",NA
