"","Parameter","Estimate","se","p","CI","VIF"
"1","intrcpt",-2.08758993666942,1.01573488599705,0.0398547867927298,"[-4.08, -0.10]",NA
"2","diseasenone",1.64150356967156,1.39567398219365,0.239540203529669,"[-1.09, 4.38]",1.66077848890843
"3","speciesmouse",-0.326951265597977,1.04070769022746,0.753397669274578,"[-2.37, 1.71]",1.66077848890843
"4","Tau2",0.688438699084681,0.63119097762026,0.00596920076189467,"[-0.55, 1.93]",NA
