"","Parameter","Estimate","se","p","CI","VIF"
"1","intrcpt",-2.08758993666942,0.917344177444515,0.022864637844687,"[-3.89, -0.29]",NA
"2","diseasenone",1.69106432490999,1.09725570816852,0.123273921100262,"[-0.46, 3.84]",1.28132609487564
"3","speciesmouse",-0.352394748025198,0.704960496490592,0.617160479614881,"[-1.73, 1.03]",1.28132609487564
"4","Tau2",0.498241680344591,0.455129144792298,0.011998908117825,"[-0.39, 1.39]",NA
