"","Parameter","Estimate","se","p","CI","VIF"
"1","intrcpt",0.532506299281196,0.597437089111575,0.37275871336036,"[-0.64, 1.70]",NA
"2","freqacute",-1.12161897627371,0.995746287106732,0.259991845579607,"[-3.07, 0.83]",1.34083115045678
"3","diseaseind.STRESS",2.33894465297731,1.17772432172518,0.0470348182862435,"[0.03, 4.65]",1.22883624706358
"4","speciesmouse",0.0159853533038705,0.757370594566171,0.983160793699127,"[-1.47, 1.50]",1.54751266245035
"5","testPMDAT",-1.71803302366415,1.10891804190901,0.12131258800346,"[-3.89, 0.46]",1.2636465015435
"6","Tau2",0.578847097780638,0.582157514207785,0.0133135165583742,"[-0.56, 1.72]",NA
