"","AIC","BIC","ll","LRT","p"
"Three-level model",451.916033635141,460.202555439535,-222.958016817571,NA,NA
"Within-studies variance constrained",506.50055120931,512.024899078905,-251.250275604655,56.5845175741684,5.38340430066105e-14
"Between-studies variance constrained",473.046488206526,478.570836076121,-234.523244103263,23.1304545713843,1.51374069186553e-06
"Both variance components constrained",818.84443889971,821.606612834508,-408.422219449855,370.928405264569,2.84393853696729e-81
