"","Parameter","Estimate","se","p","CI"
"1","intrcpt",-0.0104581539618344,0.221006218832286,0.962257684504006,"[-0.44, 0.42]"
"2","Tau2",1.62854428131133,0.435146332185578,1.70102254748612e-22,"[1.28, 4.44]"
