"","Parameter","Estimate","se","p","CI"
"1","intrcpt",-0.883671579745533,0.345858856852215,0.0106185857029033,"[-1.56, -0.21]"
"2","Tau2",0.652465049028644,0.509388300508899,0.0018137852057393,"[0.12, 3.76]"
