"","Parameter","Estimate","se","p","CI"
"1","intrcpt",-0.441456067535564,0.405867233617245,0.276733794158546,"[-1.24, 0.35]"
"2","Tau2",1.24282108929818,0.739760048911918,4.26147018507526e-08,"[0.44, 5.77]"
