"","Parameter","Estimate","se","p","CI"
"1","intrcpt",-0.210807361082702,0.204708159916176,0.303106428334467,"[-0.61, 0.19]"
"2","Tau2",1.32783184061434,0.36926967833697,4.67521810028546e-25,"[0.83, 2.63]"
