"","Parameter","Estimate","se","p","CI"
"1","intrcpt",-0.846646096423241,0.141144996447452,1.99254225908389e-09,"[-1.12, -0.57]"
"2","Tau2",2.00046469267874,0.305054527682005,6.92929899752519e-91,"[2.04, 4.38]"
